"Supplementary table 3: New primers and probes used in the RT-qPCR experiments, other primers and probes were described in San-Jose et al., 2017 and Béziers et al., 2019 {Beziers, 2019 #14065;San-Jose, 2017 #12204}. ",,,
,,,
Primer ,,,
Name,Sequence,ec* (nM),PCR efficiency
CALB1_237Fw,GCTTGCTCAGATATTACCAACA,300,
CALB1_330Rv,TCTCCATGTCTGCATGAAATC,150,99
CALB1_269FAMQ1,TCTCCATGTCTGCATGAAATC,300,
DDC_1044Fw,ATTATCGGCACTGGCAAATC,150,
DDC_1126Rv,CCATACATCCTCAGCACGAA,150,99.8
DDC_1076FAMQ1,GAGGTTCCGCTCCCTGAAGCTCTG,150,
FDNC9L_-98Fw,CAGCTTCTCAGCTACCTCC,300,
FDNC9L_-18Rv,TCGGGTGGTTTCTTCTCTC,150,98.8
FDNC9L_-71FAMQ1,CAAACATCTTCCCTTTCCACGGCGAG,300,
GPR143_618Fw,GGTCAACCCAATCCTGTTTA,300,
GPR143_773Rv,GACGACCAACAAATAATGAATACC,300,100.2
GPR143_640FAMQ1,AGGACAGTATCAGCAGTTGCCTCC,300,
MFSD12_492Fw,TCGGAACCTGTCCCTCATTGT,300,
MFSD12_576Rv,CGCGTATGGCTTCTCTTTGGT,150,100.4
MFSD12_519FAMQ1,GCTGGGGGTCGTGTTCTCCTTCATCT,300,
RAB38_157Fw,AGCTGGGATGCTGAGACTGT,300,
RAB38_303Rv,TGCTTCAAATGTTGCAGGTC,150,100.6
RAB38_247FAMQ1,GAGGCCATGGGGGCATTTATTGTC,300,
SLC6A4_942Fw,GGTGTCCTCTACTATGTGAAAC,300,
SLC6A4_1130Rv,GGCATCTTGGTAGCAGTTG,300,99.8
SLC6A4_978FAMQ1,CTCCTTGCCACCGAGGTTTGGG,150,
SYNGR3_400Fw,GGCTTTTCAGGTTTCTTGTC,300,
SYNGR3_553Rv,CCCAGACGATGATGGAGA,150,99.9
SYNGR3_425FAMQ1,TGTGGTTTGTAGCCTTCTGCTTCCT,300,
TBXA2R_812Fw,CCCTCCTGATCTTCATCGTC,300,
TBXA2R_908Rv,CAGCATCTTCTGCGTCTCTG,150,98.9
TBXA2R_842FAMQ1,CTGCAGCAGCTCCCAGCCAAC,300,
VAT1L_1082Fw,TCTGGAAGAGGTAAAGGAGG,100,
VAT1L_1244Rv,CTCGTTGTCCCCTTCATG,100,99.9
VAT1L_1195FAMQ1,TCCTCTTCTCCAGCCTCACTTGTCT,150,
VIP_242Fw,CCAGAATTATTGATAGCTCCCA,150,
VIP_530Rv,GTTCCGCTTCATCTCGAA,300,100
VIP_389FAMQ1,CGCCACTCTGACGCTGTCTTCAC,300,
*ec: end concentration,,,